Method,DCG,NumberOfPatwayGenes
Lasso,1.104643778277351,3.2325581395348837
RFE,1.0315721420163266,3.2325581395348837
RandomizedLasso,0.8739253304471944,2.9767441860465116
